﻿Branch,City,Gender,Product line,Quantity,Total,Date
A1,Richmond,Female,Health and beauty,7,548.9715,01-05-2019
C1,Cincinnati,Female,Electronic accessories,5,80.22,03-08-2019
A2,Richmond,Male,Home and lifestyle,7,340.5255,03-03-2019
A3,Richmond,Male,Health and beauty,8,489.048,1/27/2019
A4,Richmond,Male,Sports and travel,7,634.3785,02-08-2019
C2,Cincinnati,Male,Electronic accessories,7,627.6165,3/25/2019
A5,Richmond,Female,Electronic accessories,6,433.692,2/25/2019
C3,Cincinnati,Female,Home and lifestyle,10,772.38,2/24/2019
A6,Richmond,Female,Health and beauty,2,76.146,01-10-2019
B1,Lexington,Female,Food and beverages,3,172.746,2/20/2019
B2,Lexington,Female,Fashion accessories,4,60.816,02-06-2019
B3,Lexington,Male,Electronic accessories,4,107.142,03-09-2019
A7,Richmond,Female,Electronic accessories,5,246.4875,02-12-2019
A8,Richmond,Male,Food and beverages,10,453.495,02-07-2019
A9,Richmond,Female,Health and beauty,10,749.49,3/29/2019
B4,Lexington,Female,Sports and travel,6,590.436,1/15/2019
A10,Richmond,Female,Health and beauty,7,506.6355,03-11-2019
A11,Richmond,Male,Sports and travel,6,457.443,01-01-2019
A12,Richmond,Male,Food and beverages,3,172.2105,1/21/2019
B5,Lexington,Female,Home and lifestyle,2,84.63,03-11-2019
C4,Cincinnati,Male,Electronic accessories,5,451.71,2/25/2019
B6,Lexington,Male,Health and beauty,3,277.137,03-05-2019
B7,Lexington,Male,Home and lifestyle,2,69.72,3/15/2019
A13,Richmond,Male,Electronic accessories,5,181.44,2/17/2019
A14,Richmond,Male,Sports and travel,3,279.1845,03-02-2019
A15,Richmond,Female,Home and lifestyle,8,441.756,3/22/2019
B8,Lexington,Male,Fashion accessories,1,35.196,02-08-2019
A16,Richmond,Female,Fashion accessories,2,184.107,03-10-2019
B9,Lexington,Female,Food and beverages,5,463.89,1/25/2019
A17,Richmond,Male,Health and beauty,9,235.2105,3/15/2019
B10,Lexington,Male,Fashion accessories,5,494.1825,2/25/2019
B11,Lexington,Male,Sports and travel,9,737.7615,1/28/2019
B12,Lexington,Male,Sports and travel,8,703.752,01-10-2019
A18,Richmond,Male,Health and beauty,2,202.818,3/15/2019
C5,Cincinnati,Female,Food and beverages,4,417.564,02-06-2019
C6,Cincinnati,Female,Sports and travel,1,71.526,01-07-2019
A19,Richmond,Male,Sports and travel,5,328.755,03-10-2019
A20,Richmond,Female,Electronic accessories,9,575.316,1/15/2019
C7,Cincinnati,Female,Health and beauty,8,461.328,3/23/2019
B13,Lexington,Male,Home and lifestyle,8,253.008,03-03-2019
B14,Lexington,Female,Home and lifestyle,1,91.056,1/17/2019
C8,Cincinnati,Male,Home and lifestyle,2,117.831,02-02-2019
B15,Lexington,Female,Sports and travel,6,435.456,02-08-2019
C9,Cincinnati,Female,Food and beverages,8,829.08,03-04-2019
C10,Cincinnati,Male,Health and beauty,2,32.277,3/16/2019
B16,Lexington,Female,Electronic accessories,4,394.632,03-09-2019
B17,Lexington,Male,Health and beauty,9,535.7205,2/27/2019
B18,Lexington,Female,Food and beverages,9,189.0945,02-06-2019
B19,Lexington,Male,Electronic accessories,6,119.259,02-10-2019
C11,Cincinnati,Female,Fashion accessories,10,867.615,3/19/2019
C12,Cincinnati,Male,Food and beverages,7,671.79,02-03-2019
A21,Richmond,Female,Food and beverages,5,234.0975,02-10-2019
B20,Lexington,Female,Fashion accessories,4,75.054,3/22/2019
C13,Cincinnati,Male,Fashion accessories,1,16.2015,1/25/2019
B21,Lexington,Male,Home and lifestyle,2,33.936,03-07-2019
C14,Cincinnati,Female,Electronic accessories,8,722.232,2/28/2019
A22,Richmond,Male,Home and lifestyle,2,93.114,3/27/2019
A23,Richmond,Male,Health and beauty,8,752.64,02-07-2019
A24,Richmond,Female,Home and lifestyle,10,759.675,1/20/2019
C15,Cincinnati,Male,Electronic accessories,6,192.843,03-12-2019
C16,Cincinnati,Female,Sports and travel,3,77.931,2/15/2019
C17,Cincinnati,Male,Home and lifestyle,6,351.099,2/24/2019
B22,Lexington,Female,Sports and travel,9,520.4115,02-03-2019
A25,Richmond,Male,Sports and travel,10,166.005,03-06-2019
B23,Lexington,Male,Health and beauty,4,318.108,2/14/2019
A26,Richmond,Male,Health and beauty,10,166.635,3/13/2019
C18,Cincinnati,Female,Health and beauty,2,70.287,02-10-2019
B24,Lexington,Female,Fashion accessories,6,614.943,01-07-2019
A27,Richmond,Male,Sports and travel,10,827.085,1/24/2019
A28,Richmond,Female,Health and beauty,1,19.2465,02-02-2019
C19,Cincinnati,Male,Food and beverages,10,939.54,01-06-2019
C20,Cincinnati,Male,Fashion accessories,10,652.26,02-11-2019
B25,Lexington,Female,Food and beverages,3,152.838,03-05-2019
C21,Cincinnati,Female,Electronic accessories,6,478.233,03-09-2019
A29,Richmond,Male,Home and lifestyle,9,705.6315,1/22/2019
C22,Cincinnati,Female,Electronic accessories,10,437.325,1/13/2019
C23,Cincinnati,Male,Fashion accessories,9,463.428,01-09-2019
A30,Richmond,Female,Fashion accessories,9,189.0945,01-12-2019
C24,Cincinnati,Female,Food and beverages,10,822.255,03-05-2019
C25,Cincinnati,Female,Health and beauty,5,106.995,1/22/2019
C26,Cincinnati,Female,Health and beauty,6,624.897,1/21/2019
B26,Lexington,Female,Food and beverages,3,304.542,1/26/2019
C27,Cincinnati,Male,Food and beverages,8,161.7,1/23/2019
C28,Cincinnati,Female,Food and beverages,4,337.512,2/23/2019
C29,Cincinnati,Male,Sports and travel,5,256.7775,03-09-2019
C30,Cincinnati,Female,Sports and travel,7,610.491,03-05-2019
C31,Cincinnati,Male,Fashion accessories,5,401.73,3/25/2019
A31,Richmond,Male,Food and beverages,7,362.943,3/27/2019
A32,Richmond,Male,Sports and travel,1,44.5935,01-02-2019
B27,Lexington,Female,Health and beauty,6,485.037,2/27/2019
C32,Cincinnati,Female,Home and lifestyle,4,198.996,1/23/2019
C33,Cincinnati,Female,Sports and travel,10,471.03,1/26/2019
A33,Richmond,Female,Sports and travel,7,161.553,01-10-2019
B28,Lexington,Male,Health and beauty,9,608.202,03-12-2019
C34,Cincinnati,Male,Health and beauty,1,94.2375,02-06-2019
A34,Richmond,Male,Electronic accessories,1,102.018,03-08-2019
B29,Lexington,Male,Health and beauty,10,922.635,3/29/2019
C35,Cincinnati,Female,Electronic accessories,6,78.435,02-09-2019
A35,Richmond,Male,Food and beverages,3,166.1625,3/23/2019
B30,Lexington,Male,Home and lifestyle,6,521.01,03-05-2019
C36,Cincinnati,Male,Fashion accessories,1,51.1455,3/26/2019
C37,Cincinnati,Male,Fashion accessories,9,742.2975,03-01-2019
C38,Cincinnati,Female,Electronic accessories,9,218.0115,02-01-2019
A36,Richmond,Male,Food and beverages,6,367.038,3/28/2019
B31,Lexington,Male,Health and beauty,7,223.0725,3/19/2019
A37,Richmond,Male,Electronic accessories,10,931.035,01-12-2019
C39,Cincinnati,Male,Fashion accessories,6,172.494,01-05-2019
A38,Richmond,Male,Sports and travel,6,391.419,3/22/2019
C40,Cincinnati,Female,Food and beverages,9,321.111,3/24/2019
C41,Cincinnati,Male,Electronic accessories,10,860.685,03-03-2019
B32,Lexington,Female,Sports and travel,2,34.629,02-05-2019
C42,Cincinnati,Female,Health and beauty,3,309.3615,02-05-2019
B33,Lexington,Female,Fashion accessories,7,535.374,2/15/2019
A39,Richmond,Male,Home and lifestyle,9,548.7615,1/19/2019
C43,Cincinnati,Female,Home and lifestyle,9,763.4655,02-01-2019
C44,Cincinnati,Female,Fashion accessories,3,85.113,03-02-2019
B34,Lexington,Male,Fashion accessories,5,115.185,03-05-2019
B35,Lexington,Male,Fashion accessories,1,53.928,1/16/2019
A40,Richmond,Female,Food and beverages,10,115.08,02-02-2019
B36,Lexington,Male,Home and lifestyle,2,112.224,1/20/2019
A41,Richmond,Female,Electronic accessories,8,836.304,2/14/2019
C45,Cincinnati,Male,Sports and travel,7,419.832,01-12-2019
B37,Lexington,Male,Sports and travel,9,944.622,03-09-2019
C46,Cincinnati,Male,Home and lifestyle,8,536.844,3/13/2019
B38,Lexington,Female,Fashion accessories,8,474.348,03-09-2019
A42,Richmond,Female,Home and lifestyle,7,688.6215,03-10-2019
A43,Richmond,Female,Sports and travel,5,169.3125,1/27/2019
C47,Cincinnati,Female,Fashion accessories,9,299.8485,01-08-2019
C48,Cincinnati,Female,Food and beverages,8,575.736,01-08-2019
B39,Lexington,Female,Sports and travel,9,853.146,02-08-2019
B40,Lexington,Female,Fashion accessories,7,291.207,1/25/2019
A44,Richmond,Female,Sports and travel,6,580.419,03-06-2019
B41,Lexington,Female,Sports and travel,4,146.328,02-10-2019
B42,Lexington,Male,Electronic accessories,6,550.935,2/17/2019
C49,Cincinnati,Female,Health and beauty,6,512.19,03-08-2019
C50,Cincinnati,Male,Fashion accessories,3,284.193,2/18/2019
A45,Richmond,Female,Electronic accessories,5,138.1275,1/18/2019
A46,Richmond,Female,Home and lifestyle,6,216.846,2/18/2019
B43,Lexington,Male,Sports and travel,10,545.055,2/16/2019
A47,Richmond,Male,Sports and travel,8,609,3/16/2019
C51,Cincinnati,Female,Sports and travel,10,942.9,1/23/2019
C52,Cincinnati,Male,Health and beauty,10,950.25,1/25/2019
C53,Cincinnati,Female,Health and beauty,10,720.3,02-05-2019
C54,Cincinnati,Female,Food and beverages,1,31.9305,2/22/2019
A48,Richmond,Female,Home and lifestyle,6,491.085,1/21/2019
C55,Cincinnati,Female,Health and beauty,6,291.438,03-08-2019
A49,Richmond,Female,Fashion accessories,10,316.47,02-10-2019
C56,Cincinnati,Male,Health and beauty,4,277.788,3/19/2019
B44,Lexington,Male,Home and lifestyle,8,603.624,03-06-2019
A50,Richmond,Male,Health and beauty,8,272.664,3/27/2019
B45,Lexington,Female,Fashion accessories,4,384.468,3/23/2019
C57,Cincinnati,Male,Sports and travel,7,254.016,03-11-2019
A51,Richmond,Male,Fashion accessories,9,786.618,1/29/2019
C58,Cincinnati,Female,Food and beverages,6,103.824,02-07-2019
C59,Cincinnati,Female,Sports and travel,8,680.148,1/28/2019
A52,Richmond,Male,Food and beverages,5,484.5225,2/20/2019
B46,Lexington,Male,Electronic accessories,1,75.7785,01-04-2019
B47,Lexington,Male,Home and lifestyle,5,263.97,03-07-2019
B48,Lexington,Male,Health and beauty,9,918.729,3/30/2019
B49,Lexington,Male,Sports and travel,6,588.357,3/27/2019
C60,Cincinnati,Female,Food and beverages,8,362.712,1/19/2019
A53,Richmond,Male,Sports and travel,1,66.8745,2/25/2019
A54,Richmond,Male,Food and beverages,7,336.5565,3/13/2019
C61,Cincinnati,Male,Sports and travel,2,160.44,1/30/2019
B50,Lexington,Male,Food and beverages,10,418.95,2/20/2019
B51,Lexington,Male,Health and beauty,8,357.588,2/25/2019
C62,Cincinnati,Male,Home and lifestyle,10,1003.59,1/16/2019
A55,Richmond,Male,Fashion accessories,10,1039.29,02-08-2019
A56,Richmond,Male,Food and beverages,6,323.064,1/19/2019
A57,Richmond,Male,Sports and travel,7,510.972,02-01-2019
A58,Richmond,Male,Health and beauty,5,367.5525,01-03-2019
B52,Lexington,Male,Food and beverages,5,420.2625,1/26/2019
C63,Cincinnati,Male,Electronic accessories,8,175.14,03-03-2019
B53,Lexington,Male,Electronic accessories,6,333.207,1/19/2019
B54,Lexington,Male,Food and beverages,8,166.236,1/18/2019
A59,Richmond,Male,Home and lifestyle,9,319.788,3/21/2019
A60,Richmond,Male,Food and beverages,8,186.228,03-03-2019
C64,Cincinnati,Female,Fashion accessories,7,165.4485,2/13/2019
A61,Richmond,Male,Food and beverages,6,465.444,3/23/2019
C65,Cincinnati,Male,Health and beauty,3,273.42,1/28/2019
C66,Cincinnati,Male,Fashion accessories,7,472.311,02-09-2019
C67,Cincinnati,Male,Food and beverages,8,323.148,1/23/2019
A62,Richmond,Male,Sports and travel,10,162.75,3/23/2019
C68,Cincinnati,Male,Health and beauty,8,288.204,1/25/2019
A63,Richmond,Female,Sports and travel,7,90.699,03-04-2019
B55,Lexington,Male,Food and beverages,3,56.952,03-05-2019
B56,Lexington,Female,Home and lifestyle,8,793.716,03-03-2019
B57,Lexington,Male,Home and lifestyle,4,195.174,02-08-2019
A64,Richmond,Male,Home and lifestyle,1,77.7735,02-10-2019
C69,Cincinnati,Female,Home and lifestyle,4,293.202,1/28/2019
B58,Lexington,Female,Home and lifestyle,3,242.676,02-11-2019
B59,Lexington,Female,Fashion accessories,2,154.392,1/15/2019
C70,Cincinnati,Female,Food and beverages,9,829.71,3/16/2019
B60,Lexington,Male,Home and lifestyle,4,107.31,1/26/2019
A65,Richmond,Male,Electronic accessories,5,171.7275,3/19/2019
C71,Cincinnati,Female,Fashion accessories,1,78.0045,1/13/2019
C72,Cincinnati,Male,Health and beauty,2,91.77,3/26/2019
A66,Richmond,Female,Home and lifestyle,1,26.5545,3/23/2019
C73,Cincinnati,Male,Health and beauty,4,174.3,03-12-2019
C74,Cincinnati,Female,Food and beverages,5,374.7975,2/17/2019
C75,Cincinnati,Female,Sports and travel,6,120.645,1/29/2019
B61,Lexington,Female,Electronic accessories,4,241.458,3/15/2019
C76,Cincinnati,Male,Electronic accessories,7,451.3635,1/14/2019
B62,Lexington,Male,Health and beauty,10,271.95,02-06-2019
B63,Lexington,Male,Home and lifestyle,5,93.2925,2/15/2019
A67,Richmond,Female,Health and beauty,9,217.6335,01-03-2019
C77,Cincinnati,Female,Electronic accessories,9,629.8425,01-04-2019
C78,Cincinnati,Female,Home and lifestyle,10,299.565,3/18/2019
B64,Lexington,Female,Fashion accessories,3,95.6655,3/28/2019
B65,Lexington,Female,Electronic accessories,9,942.4485,03-02-2019
A68,Richmond,Male,Electronic accessories,9,247.8735,1/25/2019
C79,Cincinnati,Female,Food and beverages,9,881.307,1/16/2019
B66,Lexington,Male,Home and lifestyle,5,484.89,3/20/2019
B67,Lexington,Male,Sports and travel,3,146.223,01-04-2019
B68,Lexington,Female,Sports and travel,7,217.6335,03-11-2019
A69,Richmond,Male,Home and lifestyle,1,19.194,3/22/2019
B69,Lexington,Female,Sports and travel,5,130.0425,3/24/2019
A70,Richmond,Female,Electronic accessories,3,298.116,2/21/2019
B70,Lexington,Male,Fashion accessories,8,796.908,02-12-2019
B71,Lexington,Female,Food and beverages,3,180.621,03-10-2019
B72,Lexington,Male,Electronic accessories,6,285.705,1/31/2019
B73,Lexington,Male,Food and beverages,7,456.288,03-06-2019
C80,Cincinnati,Male,Electronic accessories,5,62.0025,2/17/2019
C81,Cincinnati,Female,Fashion accessories,1,13.167,2/21/2019
A71,Richmond,Male,Food and beverages,2,90.825,3/20/2019
C82,Cincinnati,Female,Sports and travel,2,183.036,01-11-2019
B74,Lexington,Male,Health and beauty,9,655.5465,1/26/2019
C83,Cincinnati,Male,Electronic accessories,4,155.652,1/31/2019
B75,Lexington,Female,Electronic accessories,6,571.41,2/26/2019
A72,Richmond,Female,Home and lifestyle,8,532.728,03-11-2019
B76,Lexington,Female,Fashion accessories,2,170.877,1/26/2019
B77,Lexington,Female,Electronic accessories,3,33.3585,03-12-2019
B78,Lexington,Female,Health and beauty,9,794.6505,02-11-2019
B79,Lexington,Male,Fashion accessories,4,310.044,2/21/2019
A73,Richmond,Male,Health and beauty,10,545.37,03-09-2019
A74,Richmond,Female,Sports and travel,2,195.594,1/20/2019
C84,Cincinnati,Male,Health and beauty,5,91.4025,1/28/2019
C85,Cincinnati,Female,Fashion accessories,5,232.155,03-05-2019
B80,Lexington,Female,Electronic accessories,5,69.405,03-02-2019
A75,Richmond,Male,Fashion accessories,1,94.1745,01-11-2019
A76,Richmond,Male,Food and beverages,9,235.683,01-11-2019
A77,Richmond,Male,Health and beauty,2,125.517,03-11-2019
C86,Cincinnati,Male,Fashion accessories,2,195.72,2/28/2019
A78,Richmond,Male,Home and lifestyle,4,263.13,01-05-2019
B81,Lexington,Male,Home and lifestyle,8,788.508,02-02-2019
A79,Richmond,Male,Home and lifestyle,8,399.756,01-01-2019
B82,Lexington,Female,Electronic accessories,3,256.41,02-09-2019
A80,Richmond,Male,Fashion accessories,5,94.185,1/23/2019
A81,Richmond,Male,Electronic accessories,4,326.424,01-07-2019
B83,Lexington,Male,Food and beverages,7,536.991,1/14/2019
B84,Lexington,Male,Food and beverages,9,439.8975,02-02-2019
C87,Cincinnati,Male,Fashion accessories,10,369.495,3/17/2019
C88,Cincinnati,Female,Sports and travel,2,30.219,03-02-2019
A82,Richmond,Male,Home and lifestyle,4,99.75,3/16/2019
A83,Richmond,Male,Home and lifestyle,8,494.76,01-06-2019
B85,Lexington,Male,Fashion accessories,4,137.004,1/29/2019
A84,Richmond,Male,Electronic accessories,1,69.6675,1/31/2019
A85,Richmond,Male,Home and lifestyle,6,163.233,02-05-2019
A86,Richmond,Male,Electronic accessories,4,135.45,2/13/2019
C89,Cincinnati,Male,Electronic accessories,4,276.948,02-07-2019
A87,Richmond,Female,Electronic accessories,9,709.317,3/19/2019
C90,Cincinnati,Female,Fashion accessories,4,69.09,03-07-2019
B86,Lexington,Female,Fashion accessories,4,160.86,3/13/2019
A88,Richmond,Female,Sports and travel,10,233.52,02-09-2019
B87,Lexington,Male,Sports and travel,1,57.1725,2/26/2019
A89,Richmond,Female,Sports and travel,7,723.24,03-12-2019
C91,Cincinnati,Male,Home and lifestyle,4,148.974,3/14/2019
B88,Lexington,Female,Food and beverages,10,783.3,01-08-2019
A90,Richmond,Male,Home and lifestyle,4,297.108,01-05-2019
A91,Richmond,Female,Home and lifestyle,10,373.17,01-04-2019
B89,Lexington,Female,Sports and travel,5,354.0075,03-06-2019
C92,Cincinnati,Female,Health and beauty,2,44.352,01-03-2019
A92,Richmond,Female,Home and lifestyle,9,203.553,01-07-2019
A93,Richmond,Female,Home and lifestyle,2,25.263,1/27/2019
B90,Lexington,Female,Health and beauty,6,628.173,2/26/2019
B91,Lexington,Male,Fashion accessories,7,352.5795,01-07-2019
C93,Cincinnati,Female,Home and lifestyle,10,229.11,01-07-2019
C94,Cincinnati,Female,Fashion accessories,4,400.764,02-02-2019
C95,Cincinnati,Male,Fashion accessories,10,745.395,3/20/2019
A94,Richmond,Male,Sports and travel,10,462.21,3/20/2019
A95,Richmond,Female,Home and lifestyle,8,587.664,2/15/2019
C96,Cincinnati,Male,Home and lifestyle,1,38.85,03-06-2019
A96,Richmond,Female,Sports and travel,1,16.107,01-06-2019
A97,Richmond,Male,Health and beauty,6,628.929,03-04-2019
A98,Richmond,Female,Health and beauty,4,200.214,03-12-2019
B92,Lexington,Male,Health and beauty,5,350.07,2/20/2019
C97,Cincinnati,Male,Home and lifestyle,1,78.603,3/24/2019
C98,Cincinnati,Female,Sports and travel,9,224.4375,1/31/2019
B93,Lexington,Female,Food and beverages,7,356.5485,1/25/2019
A99,Richmond,Female,Home and lifestyle,7,697.368,02-03-2019
B94,Lexington,Male,Electronic accessories,10,423.15,1/24/2019
C99,Cincinnati,Male,Electronic accessories,7,204.6975,3/14/2019
A100,Richmond,Female,Electronic accessories,1,65.604,2/18/2019
A101,Richmond,Female,Food and beverages,2,76.356,1/21/2019
B95,Lexington,Male,Health and beauty,10,190.155,3/13/2019
C100,Cincinnati,Female,Electronic accessories,5,272.58,03-03-2019
C101,Cincinnati,Male,Electronic accessories,4,121.128,3/29/2019
A102,Richmond,Male,Home and lifestyle,6,493.794,01-10-2019
A103,Richmond,Male,Home and lifestyle,4,252.042,1/25/2019
C102,Cincinnati,Female,Home and lifestyle,1,93.0405,1/19/2019
C103,Cincinnati,Male,Fashion accessories,2,209.622,01-02-2019
B96,Lexington,Male,Health and beauty,1,40.9605,03-12-2019
C104,Cincinnati,Male,Food and beverages,1,51.0405,2/25/2019
A104,Richmond,Female,Electronic accessories,4,214.998,3/18/2019
B97,Lexington,Female,Electronic accessories,8,125.664,2/23/2019
A105,Richmond,Male,Electronic accessories,7,530.67,3/26/2019
A106,Richmond,Female,Sports and travel,7,295.6905,3/30/2019
A107,Richmond,Female,Home and lifestyle,8,745.836,2/17/2019
A108,Richmond,Female,Electronic accessories,3,83.412,3/21/2019
A109,Richmond,Female,Fashion accessories,2,172.011,03-05-2019
B98,Lexington,Male,Sports and travel,6,503.559,1/31/2019
C105,Cincinnati,Male,Fashion accessories,2,145.593,02-05-2019
A110,Richmond,Female,Food and beverages,5,74.7075,02-01-2019
A111,Richmond,Female,Health and beauty,9,146.9475,03-07-2019
C106,Cincinnati,Female,Electronic accessories,10,820.365,02-10-2019
C107,Cincinnati,Male,Food and beverages,2,208.677,2/14/2019
C108,Cincinnati,Female,Food and beverages,3,66.402,02-09-2019
C109,Cincinnati,Male,Electronic accessories,5,392.6475,01-10-2019
C110,Cincinnati,Female,Health and beauty,7,218.0745,03-11-2019
C111,Cincinnati,Male,Health and beauty,4,185.094,2/18/2019
C112,Cincinnati,Female,Food and beverages,9,216.6885,2/26/2019
C113,Cincinnati,Female,Health and beauty,1,41.391,1/18/2019
A112,Richmond,Male,Health and beauty,6,96.138,2/15/2019
A113,Richmond,Female,Fashion accessories,5,324.2925,03-08-2019
A114,Richmond,Male,Home and lifestyle,6,135.576,1/17/2019
B99,Lexington,Male,Sports and travel,4,410.508,03-12-2019
A115,Richmond,Male,Food and beverages,5,523.845,03-09-2019
C114,Cincinnati,Male,Food and beverages,4,395.892,03-12-2019
B100,Lexington,Male,Health and beauty,4,214.746,1/25/2019
A116,Richmond,Male,Electronic accessories,4,152.712,3/25/2019
B101,Lexington,Male,Home and lifestyle,9,208.089,02-07-2019
A117,Richmond,Male,Food and beverages,3,103.635,2/17/2019
A118,Richmond,Male,Fashion accessories,5,404.355,02-03-2019
A119,Richmond,Male,Food and beverages,2,49.308,3/14/2019
C115,Cincinnati,Male,Sports and travel,5,77.175,3/24/2019
A120,Richmond,Female,Electronic accessories,5,149.3625,3/21/2019
A121,Richmond,Male,Fashion accessories,9,721.98,3/19/2019
B102,Lexington,Female,Sports and travel,6,365.085,2/24/2019
C116,Cincinnati,Female,Electronic accessories,3,150.0975,3/28/2019
B103,Lexington,Female,Food and beverages,9,404.649,02-05-2019
B104,Lexington,Male,Electronic accessories,3,151.4835,02-10-2019
B105,Lexington,Female,Health and beauty,7,411.3795,03-05-2019
B106,Lexington,Female,Health and beauty,7,565.215,2/15/2019
C117,Cincinnati,Female,Food and beverages,5,509.4075,1/30/2019
A122,Richmond,Male,Sports and travel,3,140.6475,2/14/2019
A123,Richmond,Female,Fashion accessories,9,736.4385,2/27/2019
A124,Richmond,Male,Electronic accessories,1,75.5475,02-04-2019
C118,Cincinnati,Female,Home and lifestyle,8,749.7,1/20/2019
A125,Richmond,Male,Electronic accessories,7,191.247,3/28/2019
B107,Lexington,Female,Health and beauty,10,141.75,2/27/2019
C119,Cincinnati,Female,Fashion accessories,10,1042.65,2/15/2019
A126,Richmond,Male,Electronic accessories,7,379.9215,1/26/2019
B108,Lexington,Female,Fashion accessories,7,402.2655,3/14/2019
B109,Lexington,Male,Home and lifestyle,9,255.15,03-02-2019
C120,Cincinnati,Female,Electronic accessories,1,31.752,03-04-2019
B110,Lexington,Female,Food and beverages,4,374.388,01-07-2019
C121,Cincinnati,Female,Fashion accessories,10,394.275,03-08-2019
C122,Cincinnati,Female,Sports and travel,10,1002.12,01-09-2019
B111,Lexington,Male,Electronic accessories,3,86.625,03-01-2019
B112,Lexington,Male,Sports and travel,1,78.7185,3/16/2019
A127,Richmond,Male,Food and beverages,8,680.064,2/17/2019
C123,Cincinnati,Female,Food and beverages,8,793.548,2/27/2019
C124,Cincinnati,Male,Food and beverages,2,209.559,03-07-2019
A128,Richmond,Male,Home and lifestyle,6,461.286,1/21/2019
C125,Cincinnati,Female,Food and beverages,4,173.208,2/19/2019
C126,Cincinnati,Female,Fashion accessories,4,343.056,01-06-2019
C127,Cincinnati,Female,Electronic accessories,9,484.974,3/14/2019
A129,Richmond,Male,Home and lifestyle,4,276.948,3/24/2019
C128,Cincinnati,Female,Sports and travel,10,150.78,1/27/2019
A130,Richmond,Male,Electronic accessories,9,203.175,03-06-2019
B113,Lexington,Female,Electronic accessories,7,193.011,02-02-2019
B114,Lexington,Female,Fashion accessories,2,128.016,1/25/2019
C129,Cincinnati,Female,Home and lifestyle,6,441.693,3/14/2019
C130,Cincinnati,Male,Fashion accessories,6,265.104,1/29/2019
A131,Richmond,Female,Home and lifestyle,5,352.2225,01-03-2019
A132,Richmond,Female,Fashion accessories,5,507.675,1/14/2019
B115,Lexington,Female,Home and lifestyle,9,334.341,01-05-2019
C131,Cincinnati,Male,Sports and travel,7,701.8515,2/22/2019
C132,Cincinnati,Male,Fashion accessories,4,407.316,02-06-2019
B116,Lexington,Female,Electronic accessories,4,99.33,1/30/2019
A133,Richmond,Male,Sports and travel,4,345.786,01-11-2019
C133,Cincinnati,Female,Electronic accessories,2,55.881,3/19/2019
B117,Lexington,Female,Food and beverages,5,523.3725,1/14/2019
C134,Cincinnati,Female,Food and beverages,4,314.538,03-01-2019
A134,Richmond,Female,Food and beverages,5,214.935,01-06-2019
B118,Lexington,Male,Sports and travel,1,79.611,1/31/2019
C135,Cincinnati,Male,Food and beverages,6,294.651,03-11-2019
A135,Richmond,Female,Health and beauty,10,339.36,2/20/2019
C136,Cincinnati,Female,Fashion accessories,9,510.9615,1/27/2019
B119,Lexington,Male,Food and beverages,7,133.917,03-10-2019
C137,Cincinnati,Female,Fashion accessories,3,253.512,2/15/2019
B120,Lexington,Female,Fashion accessories,10,398.475,1/26/2019
A136,Richmond,Male,Electronic accessories,1,80.661,2/13/2019
A137,Richmond,Female,Sports and travel,10,548.73,03-09-2019
A138,Richmond,Female,Health and beauty,1,83.727,03-06-2019
A139,Richmond,Female,Health and beauty,5,406.875,1/24/2019
A140,Richmond,Female,Food and beverages,5,284.9175,3/13/2019
B121,Lexington,Male,Home and lifestyle,9,128.4255,3/15/2019
B122,Lexington,Female,Health and beauty,6,258.678,03-05-2019
B123,Lexington,Male,Electronic accessories,9,181.818,03-04-2019
C138,Cincinnati,Female,Food and beverages,6,248.409,3/25/2019
C139,Cincinnati,Male,Home and lifestyle,4,194.124,03-12-2019
C140,Cincinnati,Male,Home and lifestyle,1,14.679,02-04-2019
B124,Lexington,Female,Fashion accessories,5,208.6875,2/22/2019
C141,Cincinnati,Female,Fashion accessories,7,718.7565,2/16/2019
A141,Richmond,Male,Sports and travel,4,282.492,1/19/2019
A142,Richmond,Male,Food and beverages,5,72.3975,01-11-2019
B125,Lexington,Female,Fashion accessories,4,288.582,01-04-2019
A143,Richmond,Female,Home and lifestyle,4,237.426,03-04-2019
C142,Cincinnati,Female,Fashion accessories,5,125.055,1/28/2019
B126,Lexington,Female,Health and beauty,10,359.205,01-02-2019
B127,Lexington,Male,Sports and travel,2,45.927,1/25/2019
A144,Richmond,Male,Health and beauty,5,110.0925,01-04-2019
A145,Richmond,Male,Sports and travel,3,81.396,03-10-2019
A146,Richmond,Male,Home and lifestyle,8,427.812,3/22/2019
B128,Lexington,Male,Health and beauty,1,100.9155,1/25/2019
C143,Cincinnati,Female,Home and lifestyle,4,190.596,01-08-2019
C144,Cincinnati,Female,Health and beauty,1,85.5855,1/22/2019
B129,Lexington,Female,Health and beauty,2,120.162,01-12-2019
A147,Richmond,Female,Electronic accessories,7,185.367,02-04-2019
C145,Cincinnati,Female,Food and beverages,3,121.59,3/28/2019
C146,Cincinnati,Female,Electronic accessories,3,264.7575,1/23/2019
C147,Cincinnati,Female,Fashion accessories,10,1020.705,02-08-2019
B130,Lexington,Male,Fashion accessories,8,213.528,3/19/2019
C148,Cincinnati,Male,Fashion accessories,1,17.094,03-09-2019
B131,Lexington,Male,Fashion accessories,9,383.7645,01-02-2019
A148,Richmond,Male,Health and beauty,7,390.7995,1/21/2019
B132,Lexington,Female,Food and beverages,3,65.7405,3/20/2019
B133,Lexington,Male,Sports and travel,5,353.1675,2/27/2019
A149,Richmond,Female,Home and lifestyle,10,951.825,03-08-2019
B134,Lexington,Male,Fashion accessories,2,145.068,1/31/2019
C149,Cincinnati,Male,Food and beverages,2,90.867,03-08-2019
A150,Richmond,Female,Electronic accessories,6,147.798,1/13/2019
B135,Lexington,Male,Fashion accessories,7,702.219,03-09-2019
B136,Lexington,Female,Fashion accessories,1,49.812,2/22/2019
C150,Cincinnati,Male,Sports and travel,9,937.818,3/19/2019
C151,Cincinnati,Male,Sports and travel,4,348.306,1/20/2019
A151,Richmond,Male,Home and lifestyle,6,214.137,03-08-2019
C152,Cincinnati,Male,Food and beverages,4,71.568,03-08-2019
C153,Cincinnati,Female,Electronic accessories,8,343.224,02-07-2019
C154,Cincinnati,Male,Food and beverages,5,91.56,1/15/2019
B137,Lexington,Female,Sports and travel,8,742.812,3/22/2019
A152,Richmond,Female,Home and lifestyle,9,843.0345,1/15/2019
C155,Cincinnati,Male,Fashion accessories,1,13.419,01-08-2019
A153,Richmond,Female,Sports and travel,7,140.385,1/15/2019
B138,Lexington,Female,Health and beauty,1,20.1075,1/28/2019
C156,Cincinnati,Male,Food and beverages,10,290.43,2/14/2019
C157,Cincinnati,Male,Fashion accessories,3,144.081,03-10-2019
B139,Lexington,Female,Health and beauty,1,28.4235,01-12-2019
B140,Lexington,Female,Sports and travel,1,41.076,3/26/2019
B141,Lexington,Female,Electronic accessories,6,470.673,01-01-2019
B142,Lexington,Male,Electronic accessories,6,138.663,01-02-2019
A154,Richmond,Female,Food and beverages,5,333.9525,3/16/2019
A155,Richmond,Male,Health and beauty,1,26.25,03-03-2019
A156,Richmond,Male,Electronic accessories,4,87.234,1/31/2019
B143,Lexington,Female,Fashion accessories,5,155.19,2/13/2019
B144,Lexington,Female,Food and beverages,9,731.43,2/15/2019
B145,Lexington,Male,Electronic accessories,10,833.595,02-07-2019
C158,Cincinnati,Female,Electronic accessories,10,488.985,1/27/2019
C159,Cincinnati,Male,Food and beverages,1,37.6845,2/23/2019
C160,Cincinnati,Male,Food and beverages,5,212.73,02-03-2019
B146,Lexington,Female,Food and beverages,10,767.025,03-03-2019
C161,Cincinnati,Female,Sports and travel,4,310.59,02-03-2019
C162,Cincinnati,Female,Food and beverages,1,23.751,3/17/2019
A157,Richmond,Male,Food and beverages,5,269.535,3/28/2019
C163,Cincinnati,Female,Sports and travel,10,572.775,03-02-2019
C164,Cincinnati,Female,Health and beauty,7,273.0525,02-08-2019
B147,Lexington,Male,Sports and travel,6,233.226,3/22/2019
C165,Cincinnati,Male,Food and beverages,1,22.659,02-09-2019
C166,Cincinnati,Female,Electronic accessories,1,103.782,2/15/2019
C167,Cincinnati,Female,Home and lifestyle,6,527.751,1/23/2019
A158,Richmond,Female,Sports and travel,4,168.21,1/25/2019
A159,Richmond,Male,Fashion accessories,10,452.865,02-02-2019
B148,Lexington,Male,Health and beauty,8,609.588,3/30/2019
A160,Richmond,Female,Electronic accessories,5,338.31,3/30/2019
A161,Richmond,Male,Health and beauty,3,205.317,2/25/2019
A162,Richmond,Female,Sports and travel,5,174.615,3/18/2019
C168,Cincinnati,Male,Electronic accessories,4,353.094,03-07-2019
B149,Lexington,Male,Sports and travel,10,360.885,3/16/2019
A163,Richmond,Male,Electronic accessories,1,40.53,1/29/2019
C169,Cincinnati,Male,Food and beverages,8,554.148,02-02-2019
C170,Cincinnati,Female,Electronic accessories,10,344.4,2/15/2019
A164,Richmond,Male,Sports and travel,5,194.985,01-08-2019
B150,Lexington,Male,Home and lifestyle,10,633.99,02-12-2019
C171,Cincinnati,Female,Sports and travel,10,388.29,01-01-2019
B151,Lexington,Female,Sports and travel,4,207.858,3/21/2019
B152,Lexington,Female,Fashion accessories,10,431.445,2/28/2019
A165,Richmond,Male,Fashion accessories,4,156.03,3/23/2019
C172,Cincinnati,Male,Home and lifestyle,1,24.108,1/30/2019
B153,Lexington,Female,Home and lifestyle,9,734.076,02-04-2019
B154,Lexington,Female,Fashion accessories,2,72.87,3/13/2019
A166,Richmond,Female,Fashion accessories,10,206.43,3/15/2019
B155,Lexington,Female,Health and beauty,8,212.688,03-05-2019
C173,Cincinnati,Female,Home and lifestyle,10,127.26,03-05-2019
B156,Lexington,Male,Fashion accessories,2,209.769,2/26/2019
B157,Lexington,Male,Sports and travel,8,637.728,3/20/2019
C174,Cincinnati,Female,Electronic accessories,2,132.762,01-01-2019
C175,Cincinnati,Female,Food and beverages,6,568.512,1/27/2019
B158,Lexington,Female,Sports and travel,1,103.0365,1/21/2019
A167,Richmond,Female,Sports and travel,8,432.768,02-02-2019
B159,Lexington,Male,Sports and travel,1,77.6685,02-03-2019
C176,Cincinnati,Female,Fashion accessories,1,33.495,01-05-2019
C177,Cincinnati,Male,Home and lifestyle,2,145.74,1/27/2019
B160,Lexington,Female,Sports and travel,2,195.951,3/25/2019
B161,Lexington,Male,Sports and travel,1,92.8725,2/25/2019
A168,Richmond,Male,Electronic accessories,8,203.112,1/28/2019
B162,Lexington,Female,Sports and travel,3,152.775,01-08-2019
B163,Lexington,Female,Food and beverages,6,529.515,1/29/2019
B164,Lexington,Male,Health and beauty,5,321.7725,3/29/2019
C178,Cincinnati,Female,Home and lifestyle,6,100.485,02-09-2019
B165,Lexington,Female,Sports and travel,7,666.939,1/16/2019
A169,Richmond,Female,Home and lifestyle,5,225.2775,01-05-2019
A170,Richmond,Female,Fashion accessories,7,398.958,1/27/2019
A171,Richmond,Male,Electronic accessories,7,731.6925,3/14/2019
C179,Cincinnati,Male,Sports and travel,7,429.1665,2/23/2019
C180,Cincinnati,Female,Fashion accessories,1,54.0435,3/18/2019
B166,Lexington,Male,Health and beauty,5,288.015,3/29/2019
C181,Cincinnati,Male,Home and lifestyle,5,206.7975,1/22/2019
A172,Richmond,Male,Home and lifestyle,2,72.933,03-01-2019
C182,Cincinnati,Male,Sports and travel,5,377.58,1/17/2019
B167,Lexington,Female,Electronic accessories,3,143.9865,3/26/2019
C183,Cincinnati,Female,Home and lifestyle,6,523.971,3/20/2019
A173,Richmond,Female,Home and lifestyle,6,235.872,02-06-2019
C184,Cincinnati,Male,Health and beauty,2,132.027,01-01-2019
A174,Richmond,Male,Food and beverages,6,514.773,1/27/2019
A175,Richmond,Female,Sports and travel,5,479.9025,2/25/2019
B168,Lexington,Male,Fashion accessories,4,164.682,1/16/2019
B169,Lexington,Male,Fashion accessories,2,125.706,1/13/2019
B170,Lexington,Female,Food and beverages,10,570.78,02-07-2019
A176,Richmond,Male,Sports and travel,9,926.9505,2/17/2019
A177,Richmond,Male,Health and beauty,6,160.209,02-12-2019
A178,Richmond,Male,Fashion accessories,8,728.112,1/24/2019
B171,Lexington,Male,Electronic accessories,10,240.975,02-06-2019
C185,Cincinnati,Female,Food and beverages,9,154.1295,3/26/2019
A179,Richmond,Female,Home and lifestyle,5,148.68,03-11-2019
C186,Cincinnati,Male,Home and lifestyle,7,122.5245,02-07-2019
B172,Lexington,Female,Fashion accessories,1,77.658,01-05-2019
A180,Richmond,Male,Home and lifestyle,1,102.837,03-07-2019
A181,Richmond,Female,Fashion accessories,4,306.81,2/25/2019
C187,Cincinnati,Female,Food and beverages,6,551.124,02-01-2019
A182,Richmond,Male,Home and lifestyle,3,96.642,1/22/2019
C188,Cincinnati,Male,Health and beauty,1,79.674,01-03-2019
B173,Lexington,Female,Sports and travel,4,84.756,2/13/2019
C189,Cincinnati,Male,Electronic accessories,6,118.251,1/28/2019
B174,Lexington,Female,Food and beverages,1,74.76,01-05-2019
B175,Lexington,Male,Home and lifestyle,4,163.002,3/19/2019
A183,Richmond,Female,Fashion accessories,10,308.91,01-12-2019
A184,Richmond,Male,Sports and travel,9,575.9775,01-07-2019
B176,Lexington,Female,Sports and travel,5,270.585,1/26/2019
A185,Richmond,Female,Electronic accessories,6,416.178,1/23/2019
B177,Lexington,Male,Fashion accessories,3,180.4005,02-09-2019
B178,Lexington,Female,Fashion accessories,9,513.2295,2/22/2019
B179,Lexington,Female,Health and beauty,9,550.368,02-05-2019
C190,Cincinnati,Male,Electronic accessories,6,139.923,03-07-2019
A186,Richmond,Male,Electronic accessories,7,142.002,3/25/2019
B180,Lexington,Male,Home and lifestyle,3,118.062,1/20/2019
B181,Lexington,Female,Fashion accessories,2,151.284,02-04-2019
C191,Cincinnati,Female,Food and beverages,10,1034.46,1/30/2019
A187,Richmond,Male,Food and beverages,6,262.458,01-02-2019
A188,Richmond,Female,Home and lifestyle,3,228.123,3/29/2019
B182,Lexington,Male,Electronic accessories,9,203.931,3/14/2019
C192,Cincinnati,Male,Food and beverages,10,936.6,02-11-2019
B183,Lexington,Female,Electronic accessories,8,356.328,1/30/2019
A189,Richmond,Male,Electronic accessories,6,469.413,3/20/2019
B184,Lexington,Male,Fashion accessories,2,208.425,3/20/2019
A190,Richmond,Female,Food and beverages,10,852.705,1/17/2019
C193,Cincinnati,Female,Sports and travel,10,517.965,02-03-2019
A191,Richmond,Female,Fashion accessories,9,621.243,01-01-2019
B185,Lexington,Female,Fashion accessories,7,586.971,01-10-2019
C194,Cincinnati,Female,Sports and travel,7,543.753,03-02-2019
B186,Lexington,Female,Home and lifestyle,5,430.71,2/25/2019
B187,Lexington,Male,Sports and travel,10,280.035,1/29/2019
A192,Richmond,Male,Food and beverages,7,74.4555,03-10-2019
B188,Lexington,Male,Food and beverages,2,152.019,1/13/2019
A193,Richmond,Male,Sports and travel,5,451.0275,3/22/2019
B189,Lexington,Male,Fashion accessories,7,597.6285,03-01-2019
B190,Lexington,Male,Food and beverages,4,253.26,2/20/2019
C195,Cincinnati,Male,Food and beverages,4,133.434,1/14/2019
A194,Richmond,Female,Health and beauty,4,269.934,3/26/2019
B191,Lexington,Male,Health and beauty,2,145.971,03-01-2019
C196,Cincinnati,Male,Food and beverages,3,85.743,01-07-2019
A195,Richmond,Female,Health and beauty,4,326.256,02-01-2019
C197,Cincinnati,Female,Fashion accessories,2,195.258,2/13/2019
B192,Lexington,Female,Fashion accessories,4,75.936,1/14/2019
B193,Lexington,Male,Sports and travel,3,198.639,1/19/2019
A196,Richmond,Male,Health and beauty,4,217.182,03-09-2019
A197,Richmond,Female,Food and beverages,3,164.871,3/27/2019
A198,Richmond,Female,Sports and travel,5,226.065,02-04-2019
C198,Cincinnati,Male,Fashion accessories,10,625.905,3/14/2019
A199,Richmond,Male,Health and beauty,5,76.755,03-04-2019
C199,Cincinnati,Male,Health and beauty,6,293.139,03-03-2019
C200,Cincinnati,Female,Home and lifestyle,7,178.164,1/27/2019
A200,Richmond,Female,Sports and travel,1,47.859,02-07-2019
A201,Richmond,Female,Sports and travel,3,236.88,02-05-2019
B194,Lexington,Male,Sports and travel,3,304.92,3/15/2019
B195,Lexington,Male,Health and beauty,3,46.683,03-01-2019
A202,Richmond,Male,Food and beverages,3,164.43,2/15/2019
C201,Cincinnati,Female,Sports and travel,9,440.937,2/17/2019
C202,Cincinnati,Female,Fashion accessories,5,193.4625,1/26/2019
A203,Richmond,Female,Home and lifestyle,2,147.672,3/24/2019
C203,Cincinnati,Male,Electronic accessories,1,87.234,1/23/2019
C204,Cincinnati,Female,Fashion accessories,1,68.2395,1/26/2019
C205,Cincinnati,Male,Food and beverages,10,814.38,3/14/2019
B196,Lexington,Female,Sports and travel,6,343.413,3/17/2019
C206,Cincinnati,Female,Fashion accessories,7,381.3915,01-08-2019
B197,Lexington,Male,Home and lifestyle,4,133.35,02-08-2019
A204,Richmond,Female,Fashion accessories,7,394.3275,02-10-2019
C207,Cincinnati,Female,Food and beverages,4,209.118,3/28/2019
A205,Richmond,Male,Fashion accessories,1,32.1405,1/23/2019
B198,Lexington,Male,Food and beverages,2,121.569,1/17/2019
A206,Richmond,Female,Electronic accessories,1,30.408,02-07-2019
C208,Cincinnati,Female,Food and beverages,9,935.2665,03-09-2019
B199,Lexington,Male,Fashion accessories,3,293.643,1/24/2019
C209,Cincinnati,Male,Sports and travel,1,84.9765,1/19/2019
A207,Richmond,Male,Food and beverages,10,708.225,02-03-2019
A208,Richmond,Female,Sports and travel,9,365.904,3/20/2019
B200,Lexington,Male,Sports and travel,6,457.38,1/13/2019
C210,Cincinnati,Male,Electronic accessories,5,461.5275,3/14/2019
A209,Richmond,Male,Food and beverages,6,620.739,1/23/2019
C211,Cincinnati,Female,Fashion accessories,6,273.798,02-07-2019
A210,Richmond,Female,Food and beverages,3,225.792,3/28/2019
A211,Richmond,Female,Food and beverages,1,96.1905,3/20/2019
B201,Lexington,Female,Home and lifestyle,7,695.2365,1/17/2019
B202,Lexington,Female,Fashion accessories,10,874.125,01-12-2019
B203,Lexington,Male,Fashion accessories,1,95.9175,2/16/2019
B204,Lexington,Female,Food and beverages,2,165.648,1/26/2019
A212,Richmond,Male,Sports and travel,2,127.827,03-09-2019
B205,Lexington,Male,Health and beauty,10,867.09,3/14/2019
A213,Richmond,Male,Home and lifestyle,3,167.895,1/25/2019
A214,Richmond,Female,Fashion accessories,1,12.6945,1/26/2019
A215,Richmond,Male,Sports and travel,10,673.995,1/19/2019
A216,Richmond,Male,Electronic accessories,3,246.6765,03-05-2019
A217,Richmond,Male,Food and beverages,2,175.917,1/15/2019
B206,Lexington,Male,Home and lifestyle,3,314.055,3/18/2019
B207,Lexington,Male,Food and beverages,3,251.7165,3/20/2019
B208,Lexington,Male,Health and beauty,10,697.935,1/15/2019
A218,Richmond,Male,Health and beauty,7,212.7825,03-03-2019
C212,Cincinnati,Female,Electronic accessories,1,48.51,3/19/2019
B209,Lexington,Female,Food and beverages,5,92.5575,03-08-2019
B210,Lexington,Male,Fashion accessories,3,165.123,2/27/2019
B211,Lexington,Female,Food and beverages,3,311.1885,2/23/2019
C213,Cincinnati,Female,Electronic accessories,8,743.82,3/19/2019
B212,Lexington,Male,Electronic accessories,2,116.907,3/27/2019
C214,Cincinnati,Female,Food and beverages,8,609.168,3/30/2019
C215,Cincinnati,Male,Electronic accessories,5,63.2625,2/16/2019
A219,Richmond,Male,Home and lifestyle,9,182.952,1/18/2019
C216,Cincinnati,Male,Health and beauty,6,442.323,3/30/2019
B213,Lexington,Male,Fashion accessories,1,35.3115,3/20/2019
C217,Cincinnati,Female,Sports and travel,2,32.529,1/16/2019
C218,Cincinnati,Male,Electronic accessories,10,259.77,2/24/2019
B214,Lexington,Male,Electronic accessories,5,397.215,1/15/2019
B215,Lexington,Female,Health and beauty,6,351.603,1/22/2019
A220,Richmond,Male,Home and lifestyle,10,764.19,02-03-2019
B216,Lexington,Male,Sports and travel,9,352.674,03-06-2019
B217,Lexington,Male,Fashion accessories,4,252.756,2/16/2019
A221,Richmond,Female,Electronic accessories,3,49.4235,3/14/2019
C219,Cincinnati,Female,Electronic accessories,1,104.6745,2/27/2019
A222,Richmond,Female,Fashion accessories,3,277.6725,1/18/2019
A223,Richmond,Female,Sports and travel,5,146.6325,1/29/2019
A224,Richmond,Male,Fashion accessories,1,58.2225,2/26/2019
B218,Lexington,Female,Sports and travel,3,135.3555,02-03-2019
C220,Cincinnati,Male,Sports and travel,7,125.979,1/16/2019
B219,Lexington,Female,Fashion accessories,6,370.125,3/24/2019
C221,Cincinnati,Female,Food and beverages,10,914.55,02-12-2019
C222,Cincinnati,Female,Sports and travel,2,207.48,2/21/2019
A225,Richmond,Female,Fashion accessories,4,204.246,02-04-2019
B220,Lexington,Male,Food and beverages,3,181.881,2/20/2019
B221,Lexington,Female,Health and beauty,4,75.474,2/23/2019
C223,Cincinnati,Female,Health and beauty,6,300.573,2/16/2019
B222,Lexington,Female,Sports and travel,2,85.302,1/17/2019
A226,Richmond,Male,Fashion accessories,10,588.42,1/14/2019
B223,Lexington,Male,Food and beverages,2,196.14,3/30/2019
B224,Lexington,Female,Health and beauty,3,231.2415,03-02-2019
C224,Cincinnati,Male,Health and beauty,8,282.576,2/15/2019
A227,Richmond,Female,Electronic accessories,10,477.54,03-01-2019
B225,Lexington,Male,Fashion accessories,2,175.917,2/24/2019
B226,Lexington,Female,Sports and travel,7,470.988,2/19/2019
A228,Richmond,Female,Food and beverages,4,308.574,2/23/2019
C225,Cincinnati,Male,Health and beauty,10,618.975,02-07-2019
A229,Richmond,Male,Food and beverages,6,305.55,01-11-2019
B227,Lexington,Female,Electronic accessories,1,41.454,02-12-2019
B228,Lexington,Female,Sports and travel,1,36.5505,1/14/2019
C226,Cincinnati,Female,Fashion accessories,6,310.716,01-09-2019
A230,Richmond,Male,Fashion accessories,2,45.108,2/27/2019
B229,Lexington,Female,Sports and travel,6,145.404,1/24/2019
B230,Lexington,Female,Home and lifestyle,2,103.11,01-08-2019
B231,Lexington,Female,Sports and travel,2,136.143,01-08-2019
A231,Richmond,Male,Home and lifestyle,10,667.38,1/16/2019
C227,Cincinnati,Male,Sports and travel,2,153.048,3/13/2019
A232,Richmond,Female,Food and beverages,3,211.365,2/15/2019
C228,Cincinnati,Female,Sports and travel,9,663.2955,1/25/2019
C229,Cincinnati,Male,Food and beverages,7,404.544,03-12-2019
A233,Richmond,Male,Health and beauty,10,510.615,03-04-2019
C230,Cincinnati,Female,Fashion accessories,7,539.343,02-10-2019
C231,Cincinnati,Female,Food and beverages,9,497.07,1/16/2019
A234,Richmond,Female,Home and lifestyle,5,458.6925,1/29/2019
A235,Richmond,Female,Sports and travel,4,113.568,01-01-2019
B232,Lexington,Male,Home and lifestyle,4,261.198,01-06-2019
A236,Richmond,Male,Electronic accessories,9,657.531,2/19/2019
C232,Cincinnati,Male,Home and lifestyle,10,1023.75,01-12-2019
C233,Cincinnati,Female,Fashion accessories,8,507.444,02-07-2019
B233,Lexington,Male,Food and beverages,3,101.808,3/27/2019
B234,Lexington,Female,Fashion accessories,10,207.585,2/27/2019
B235,Lexington,Male,Health and beauty,9,760.4415,01-06-2019
B236,Lexington,Female,Home and lifestyle,9,835.2855,03-02-2019
B237,Lexington,Male,Health and beauty,7,527.5095,3/29/2019
B238,Lexington,Female,Electronic accessories,4,180.6,1/31/2019
C234,Cincinnati,Male,Food and beverages,1,72.429,1/21/2019
C235,Cincinnati,Male,Fashion accessories,8,131.208,1/20/2019
A237,Richmond,Male,Sports and travel,3,80.955,1/17/2019
A238,Richmond,Male,Food and beverages,6,507.906,2/28/2019
C236,Cincinnati,Female,Home and lifestyle,4,317.226,3/19/2019
C237,Cincinnati,Female,Electronic accessories,9,733.6035,2/19/2019
C238,Cincinnati,Female,Health and beauty,9,130.8825,02-04-2019
C239,Cincinnati,Male,Fashion accessories,8,829.08,1/31/2019
A239,Richmond,Female,Health and beauty,5,187.32,02-06-2019
A240,Richmond,Female,Fashion accessories,7,525.231,3/28/2019
A241,Richmond,Male,Electronic accessories,3,37.611,1/19/2019
A242,Richmond,Male,Fashion accessories,3,142.947,2/17/2019
B239,Lexington,Female,Fashion accessories,6,110.124,1/18/2019
B240,Lexington,Female,Fashion accessories,7,187.866,02-02-2019
C240,Cincinnati,Female,Sports and travel,9,856.4535,1/18/2019
B241,Lexington,Male,Home and lifestyle,3,138.978,3/18/2019
C241,Cincinnati,Female,Food and beverages,7,270.2595,01-11-2019
B242,Lexington,Male,Food and beverages,4,98.028,02-04-2019
C242,Cincinnati,Female,Health and beauty,8,239.4,02-06-2019
C243,Cincinnati,Male,Home and lifestyle,3,175.0455,01-08-2019
B243,Lexington,Male,Sports and travel,10,732.27,03-05-2019
C244,Cincinnati,Male,Fashion accessories,4,408.492,3/16/2019
B244,Lexington,Female,Home and lifestyle,7,383.523,03-09-2019
A243,Richmond,Female,Fashion accessories,4,93.744,03-01-2019
A244,Richmond,Male,Health and beauty,3,176.4,2/28/2019
A245,Richmond,Male,Fashion accessories,1,20.685,02-08-2019
B245,Lexington,Male,Electronic accessories,7,557.718,1/24/2019
B246,Lexington,Male,Food and beverages,1,56.406,03-01-2019
C245,Cincinnati,Male,Health and beauty,10,860.475,03-10-2019
C246,Cincinnati,Female,Home and lifestyle,7,596.82,3/23/2019
C247,Cincinnati,Male,Electronic accessories,10,616.98,1/29/2019
B247,Lexington,Male,Electronic accessories,8,769.104,01-12-2019
A246,Richmond,Male,Home and lifestyle,9,887.922,3/20/2019
C248,Cincinnati,Male,Home and lifestyle,7,408.7335,3/23/2019
C249,Cincinnati,Male,Food and beverages,1,89.0715,1/14/2019
A247,Richmond,Female,Sports and travel,2,150.423,02-12-2019
A248,Richmond,Male,Home and lifestyle,2,79.149,2/20/2019
C250,Cincinnati,Female,Sports and travel,8,266.028,01-02-2019
C251,Cincinnati,Female,Food and beverages,1,40.341,02-02-2019
B248,Lexington,Male,Fashion accessories,10,684.915,01-08-2019
C252,Cincinnati,Female,Home and lifestyle,5,55.2825,1/30/2019
B249,Lexington,Female,Home and lifestyle,9,116.1405,3/26/2019
C253,Cincinnati,Male,Health and beauty,7,597.0405,1/15/2019
B250,Lexington,Female,Fashion accessories,4,93.744,3/14/2019
A249,Richmond,Female,Food and beverages,5,143.22,02-03-2019
A250,Richmond,Female,Electronic accessories,10,182.91,2/22/2019
B251,Lexington,Male,Home and lifestyle,5,384.72,1/24/2019
C254,Cincinnati,Female,Fashion accessories,3,267.3405,1/25/2019
A251,Richmond,Female,Fashion accessories,8,817.236,03-09-2019
B252,Lexington,Female,Electronic accessories,8,300.216,2/17/2019
A252,Richmond,Female,Home and lifestyle,6,608.076,01-11-2019
A253,Richmond,Male,Food and beverages,10,197.925,2/27/2019
A254,Richmond,Female,Food and beverages,4,232.638,3/25/2019
B253,Lexington,Female,Food and beverages,10,810.6,02-11-2019
B254,Lexington,Male,Electronic accessories,10,757.365,1/31/2019
A255,Richmond,Female,Fashion accessories,8,536.592,1/20/2019
A256,Richmond,Female,Health and beauty,5,56.1225,3/26/2019
A257,Richmond,Male,Health and beauty,4,233.1,1/20/2019
B255,Lexington,Female,Home and lifestyle,8,801.864,03-05-2019
C255,Cincinnati,Female,Fashion accessories,3,239.589,01-05-2019
B256,Lexington,Male,Sports and travel,6,86.247,2/13/2019
B257,Lexington,Female,Electronic accessories,4,401.688,3/16/2019
A258,Richmond,Female,Home and lifestyle,6,72.009,1/15/2019
B258,Lexington,Female,Sports and travel,4,401.268,2/26/2019
C256,Cincinnati,Female,Health and beauty,7,631.1445,2/27/2019
C257,Cincinnati,Female,Sports and travel,7,499.7265,2/17/2019
C258,Cincinnati,Female,Food and beverages,1,55.041,02-06-2019
C259,Cincinnati,Male,Food and beverages,2,137.865,1/17/2019
B259,Lexington,Female,Food and beverages,5,151.515,1/22/2019
C260,Cincinnati,Male,Health and beauty,7,480.0285,03-05-2019
B260,Lexington,Male,Sports and travel,1,98.049,01-03-2019
C261,Cincinnati,Male,Sports and travel,5,132.5625,3/20/2019
B261,Lexington,Male,Electronic accessories,9,830.3715,1/31/2019
C262,Cincinnati,Male,Health and beauty,8,183.12,2/19/2019
A259,Richmond,Female,Sports and travel,4,397.992,02-11-2019
A260,Richmond,Female,Fashion accessories,1,32.151,02-05-2019
C263,Cincinnati,Female,Home and lifestyle,8,369.684,03-03-2019
C264,Cincinnati,Female,Health and beauty,5,53.34,2/24/2019
A261,Richmond,Male,Electronic accessories,7,548.163,02-04-2019
C265,Cincinnati,Male,Electronic accessories,8,603.876,2/19/2019
C266,Cincinnati,Female,Health and beauty,5,57.6975,1/23/2019
C267,Cincinnati,Male,Health and beauty,3,190.4805,1/14/2019
A262,Richmond,Male,Sports and travel,7,432.9885,1/17/2019
A263,Richmond,Male,Fashion accessories,1,48.7305,03-03-2019
C268,Cincinnati,Male,Health and beauty,4,287.91,2/15/2019
B262,Lexington,Female,Home and lifestyle,10,1022.385,1/15/2019
A264,Richmond,Male,Electronic accessories,7,680.61,2/27/2019
A265,Richmond,Female,Electronic accessories,2,97.881,2/26/2019
B263,Lexington,Male,Fashion accessories,2,57.078,3/15/2019
C269,Cincinnati,Female,Home and lifestyle,1,63.9135,1/24/2019
A266,Richmond,Female,Sports and travel,10,257.145,2/22/2019
B264,Lexington,Male,Health and beauty,1,97.419,3/15/2019
C270,Cincinnati,Male,Home and lifestyle,5,455.1225,02-11-2019
B265,Lexington,Male,Sports and travel,6,144.963,01-12-2019
C271,Cincinnati,Female,Electronic accessories,8,253.68,03-03-2019
C272,Cincinnati,Male,Fashion accessories,7,495.3165,3/23/2019
A267,Richmond,Female,Fashion accessories,9,462.672,03-04-2019
B266,Lexington,Female,Electronic accessories,9,714.3255,2/23/2019
A268,Richmond,Female,Home and lifestyle,4,325.374,3/17/2019
A269,Richmond,Female,Sports and travel,2,195.678,1/16/2019
A270,Richmond,Female,Electronic accessories,4,210.966,01-08-2019
B267,Lexington,Female,Health and beauty,1,18.6375,1/14/2019
C273,Cincinnati,Female,Fashion accessories,10,652.89,1/31/2019
B268,Lexington,Male,Health and beauty,8,90.3,3/15/2019
A271,Richmond,Female,Electronic accessories,10,422.73,2/24/2019
C274,Cincinnati,Female,Sports and travel,5,341.0925,02-08-2019
A272,Richmond,Male,Electronic accessories,1,99.9075,3/22/2019
A273,Richmond,Female,Electronic accessories,8,408.408,1/24/2019
B269,Lexington,Female,Food and beverages,8,446.964,3/14/2019
C275,Cincinnati,Female,Fashion accessories,7,333.984,1/23/2019
A274,Richmond,Male,Food and beverages,8,284.592,1/19/2019
B270,Lexington,Male,Health and beauty,4,403.872,1/27/2019
B271,Lexington,Male,Food and beverages,5,247.59,02-03-2019
B272,Lexington,Male,Electronic accessories,4,222.138,3/25/2019
A275,Richmond,Female,Home and lifestyle,2,100.128,2/24/2019
C276,Cincinnati,Male,Sports and travel,1,10.6785,02-07-2019
A276,Richmond,Female,Health and beauty,3,216.4365,03-04-2019
B273,Lexington,Female,Sports and travel,7,441.588,2/14/2019
A277,Richmond,Female,Sports and travel,4,92.442,1/29/2019
B274,Lexington,Female,Health and beauty,9,681.4395,1/28/2019
A278,Richmond,Male,Fashion accessories,3,130.032,3/26/2019
C277,Cincinnati,Male,Electronic accessories,10,681.975,3/24/2019
A279,Richmond,Female,Electronic accessories,10,779.31,01-01-2019
A280,Richmond,Male,Electronic accessories,8,88.704,1/24/2019
B275,Lexington,Male,Health and beauty,4,262.794,2/25/2019
B276,Lexington,Female,Sports and travel,8,99.54,01-09-2019
A281,Richmond,Male,Health and beauty,1,95.865,2/14/2019
B277,Lexington,Female,Home and lifestyle,7,299.3655,03-12-2019
A282,Richmond,Male,Fashion accessories,1,54.999,3/26/2019
A283,Richmond,Male,Fashion accessories,5,202.335,01-09-2019
B278,Lexington,Male,Sports and travel,6,281.169,01-02-2019
C278,Cincinnati,Male,Electronic accessories,10,586.635,1/15/2019
C279,Cincinnati,Female,Sports and travel,6,184.086,01-01-2019
A284,Richmond,Male,Fashion accessories,3,163.611,2/15/2019
B279,Lexington,Male,Electronic accessories,1,63.315,2/28/2019
A285,Richmond,Female,Sports and travel,2,82.887,03-02-2019
C280,Cincinnati,Female,Food and beverages,2,31.227,2/13/2019
A286,Richmond,Male,Fashion accessories,1,22.386,1/26/2019
A287,Richmond,Male,Electronic accessories,3,295.407,1/30/2019
A288,Richmond,Male,Electronic accessories,1,76.923,1/27/2019
C281,Cincinnati,Female,Sports and travel,1,23.499,1/30/2019
C282,Cincinnati,Female,Food and beverages,9,688.716,01-08-2019
A289,Richmond,Female,Fashion accessories,6,624.33,1/19/2019
A290,Richmond,Male,Fashion accessories,1,77.805,1/25/2019
A291,Richmond,Female,Fashion accessories,2,206.808,2/19/2019
C283,Cincinnati,Male,Health and beauty,7,390.9465,1/14/2019
B280,Lexington,Female,Electronic accessories,10,554.295,2/25/2019
A292,Richmond,Female,Health and beauty,5,503.7375,1/23/2019
B281,Lexington,Female,Fashion accessories,9,345.0195,2/16/2019
B282,Lexington,Male,Food and beverages,8,177.408,01-01-2019
A293,Richmond,Female,Home and lifestyle,4,118.902,03-07-2019
B283,Lexington,Male,Health and beauty,6,362.817,2/15/2019
A294,Richmond,Female,Food and beverages,9,450.1035,1/23/2019
C284,Cincinnati,Female,Home and lifestyle,1,90.5835,2/20/2019
A295,Richmond,Male,Sports and travel,2,26.796,01-08-2019
B284,Lexington,Female,Home and lifestyle,9,106.596,3/17/2019
B285,Lexington,Female,Home and lifestyle,7,375.3645,01-12-2019
A296,Richmond,Female,Electronic accessories,3,250.7085,01-08-2019
C285,Cincinnati,Male,Health and beauty,3,106.5015,1/26/2019
B286,Lexington,Male,Sports and travel,8,760.452,3/15/2019
C286,Cincinnati,Female,Health and beauty,2,131.922,1/17/2019
C287,Cincinnati,Male,Food and beverages,3,76.5765,01-08-2019
A297,Richmond,Male,Sports and travel,4,271.278,01-06-2019
A298,Richmond,Male,Food and beverages,7,182.427,2/16/2019
C288,Cincinnati,Male,Fashion accessories,1,59.325,3/13/2019
B287,Lexington,Female,Electronic accessories,10,225.015,1/28/2019
A299,Richmond,Male,Sports and travel,6,561.078,1/18/2019
A300,Richmond,Male,Home and lifestyle,4,97.818,3/19/2019
C289,Cincinnati,Male,Home and lifestyle,8,548.184,3/15/2019
C290,Cincinnati,Male,Fashion accessories,1,54.9675,02-12-2019
B288,Lexington,Male,Electronic accessories,1,41.7375,2/25/2019
A301,Richmond,Female,Electronic accessories,8,756.168,3/21/2019
B289,Lexington,Female,Electronic accessories,8,101.64,1/19/2019
B290,Lexington,Female,Food and beverages,10,348.705,01-08-2019
C291,Cincinnati,Female,Fashion accessories,8,85.512,3/30/2019
B291,Lexington,Male,Sports and travel,10,335.895,2/20/2019
A302,Richmond,Female,Home and lifestyle,6,216.846,3/30/2019
A303,Richmond,Female,Food and beverages,2,175.014,3/19/2019
A304,Richmond,Male,Sports and travel,7,335.013,1/13/2019
A305,Richmond,Male,Food and beverages,1,92.295,02-05-2019
A306,Richmond,Female,Electronic accessories,10,771.435,3/23/2019
C292,Cincinnati,Female,Fashion accessories,8,102.396,3/13/2019
A307,Richmond,Male,Sports and travel,10,807.66,3/17/2019
C293,Cincinnati,Female,Health and beauty,5,439.215,2/21/2019
B292,Lexington,Female,Electronic accessories,8,486.444,02-07-2019
C294,Cincinnati,Female,Fashion accessories,5,485.5725,03-02-2019
B293,Lexington,Male,Electronic accessories,5,148.995,03-06-2019
B294,Lexington,Male,Electronic accessories,6,317.835,02-06-2019
B295,Lexington,Male,Health and beauty,8,832.944,1/28/2019
C295,Cincinnati,Male,Fashion accessories,7,446.439,1/18/2019
C296,Cincinnati,Female,Food and beverages,6,297.801,02-05-2019
C297,Cincinnati,Male,Health and beauty,7,629.16,03-02-2019
A308,Richmond,Male,Food and beverages,9,331.128,02-09-2019
C298,Cincinnati,Female,Electronic accessories,9,423.738,1/14/2019
B296,Lexington,Male,Home and lifestyle,4,193.074,02-09-2019
A309,Richmond,Female,Health and beauty,5,145.5825,3/26/2019
A310,Richmond,Male,Food and beverages,7,84.7455,1/28/2019
C299,Cincinnati,Female,Health and beauty,2,122.472,2/14/2019
C300,Cincinnati,Female,Home and lifestyle,4,329.196,3/24/2019
C301,Cincinnati,Male,Health and beauty,10,888.405,02-09-2019
B297,Lexington,Female,Health and beauty,5,435.12,3/24/2019
A311,Richmond,Female,Food and beverages,2,167.034,3/27/2019
B298,Lexington,Female,Home and lifestyle,10,514.605,1/27/2019
B299,Lexington,Female,Food and beverages,3,91.8225,3/27/2019
C302,Cincinnati,Female,Electronic accessories,4,235.746,1/19/2019
A312,Richmond,Female,Home and lifestyle,8,782.208,02-07-2019
A313,Richmond,Male,Fashion accessories,8,431.256,1/31/2019
A314,Richmond,Female,Food and beverages,3,313.74,2/25/2019
C303,Cincinnati,Female,Electronic accessories,6,223.587,02-02-2019
C304,Cincinnati,Male,Sports and travel,1,44.9925,3/14/2019
A315,Richmond,Female,Fashion accessories,4,397.614,03-11-2019
B300,Lexington,Male,Home and lifestyle,3,217.2555,2/22/2019
B301,Lexington,Female,Electronic accessories,3,82.719,03-02-2019
C305,Cincinnati,Female,Home and lifestyle,9,338.2155,03-10-2019
B302,Lexington,Female,Home and lifestyle,6,103.131,02-08-2019
C306,Cincinnati,Female,Home and lifestyle,2,26.733,2/22/2019
C307,Cincinnati,Female,Sports and travel,7,611.079,01-10-2019
C308,Cincinnati,Female,Sports and travel,6,221.886,3/14/2019
B303,Lexington,Female,Electronic accessories,4,57.876,01-10-2019
B304,Lexington,Male,Sports and travel,1,92.7255,2/15/2019
A316,Richmond,Female,Health and beauty,9,374.409,1/13/2019
B305,Lexington,Female,Electronic accessories,9,833.9625,2/15/2019
B306,Lexington,Male,Sports and travel,2,53.151,03-02-2019
B307,Lexington,Male,Home and lifestyle,6,629.496,3/24/2019
C309,Cincinnati,Female,Fashion accessories,2,175.035,02-02-2019
A317,Richmond,Female,Food and beverages,10,781.62,2/27/2019
C310,Cincinnati,Male,Health and beauty,7,470.988,1/20/2019
B308,Lexington,Female,Home and lifestyle,6,397.845,01-03-2019
C311,Cincinnati,Male,Home and lifestyle,3,270.018,1/24/2019
C312,Cincinnati,Female,Health and beauty,7,579.8415,01-05-2019
A318,Richmond,Female,Sports and travel,5,469.77,3/30/2019
A319,Richmond,Female,Health and beauty,3,290.0835,2/17/2019
C313,Cincinnati,Female,Food and beverages,6,360.927,3/21/2019
A320,Richmond,Male,Food and beverages,4,279.384,03-02-2019
C314,Cincinnati,Male,Fashion accessories,9,943.299,3/27/2019
A321,Richmond,Female,Home and lifestyle,10,479.64,1/19/2019
A322,Richmond,Male,Health and beauty,5,266.6475,2/19/2019
A323,Richmond,Male,Health and beauty,7,74.088,3/28/2019
A324,Richmond,Female,Electronic accessories,7,690.018,01-05-2019
C315,Cincinnati,Male,Electronic accessories,2,176.925,3/26/2019
B309,Lexington,Male,Fashion accessories,1,56.469,02-03-2019
C316,Cincinnati,Male,Home and lifestyle,5,188.0025,02-06-2019
B310,Lexington,Female,Food and beverages,8,222.012,2/24/2019
B311,Lexington,Male,Health and beauty,3,125.7165,2/21/2019
B312,Lexington,Female,Home and lifestyle,3,68.985,01-09-2019
B313,Lexington,Female,Food and beverages,4,263.97,2/25/2019
C317,Cincinnati,Female,Food and beverages,4,88.368,1/13/2019
B314,Lexington,Male,Home and lifestyle,6,415.233,02-09-2019
A325,Richmond,Female,Fashion accessories,7,312.8895,01-06-2019
C318,Cincinnati,Male,Food and beverages,9,477.1305,01-10-2019
B315,Lexington,Male,Electronic accessories,6,289.926,02-07-2019
C319,Cincinnati,Female,Home and lifestyle,10,165.9,01-09-2019
A326,Richmond,Female,Food and beverages,9,932.337,2/19/2019
C320,Cincinnati,Male,Fashion accessories,1,96.579,3/18/2019
A327,Richmond,Male,Electronic accessories,2,43.869,02-05-2019
A328,Richmond,Female,Fashion accessories,1,16.275,3/19/2019
C321,Cincinnati,Male,Electronic accessories,3,304.983,3/30/2019
B316,Lexington,Male,Food and beverages,2,69.993,1/26/2019
B317,Lexington,Female,Electronic accessories,2,80.367,03-02-2019
A329,Richmond,Female,Home and lifestyle,9,314.685,03-04-2019
A330,Richmond,Male,Home and lifestyle,3,255.1815,1/13/2019
A331,Richmond,Female,Health and beauty,3,49.77,3/25/2019
B318,Lexington,Female,Electronic accessories,5,181.0725,03-11-2019
B319,Lexington,Female,Food and beverages,10,888.615,01-01-2019
B320,Lexington,Male,Home and lifestyle,7,271.2885,02-10-2019
B321,Lexington,Male,Electronic accessories,7,640.038,1/26/2019
A332,Richmond,Male,Home and lifestyle,3,252.252,02-11-2019
C322,Cincinnati,Male,Fashion accessories,2,180.873,02-07-2019
B322,Lexington,Male,Fashion accessories,2,104.832,03-06-2019
A333,Richmond,Female,Food and beverages,4,313.572,03-04-2019
B323,Lexington,Male,Food and beverages,6,167.58,2/26/2019
B324,Lexington,Female,Electronic accessories,1,26.7225,03-10-2019
B325,Lexington,Female,Food and beverages,1,71.1585,02-04-2019
C323,Cincinnati,Male,Food and beverages,4,250.278,1/19/2019
A334,Richmond,Male,Health and beauty,4,244.23,1/23/2019
A335,Richmond,Female,Sports and travel,9,921.186,3/14/2019
C324,Cincinnati,Male,Health and beauty,7,734.706,1/23/2019
C325,Cincinnati,Male,Electronic accessories,7,708.3195,01-09-2019
B326,Lexington,Female,Fashion accessories,5,334.4775,02-07-2019
B327,Lexington,Female,Health and beauty,2,30.996,2/18/2019
B328,Lexington,Male,Health and beauty,8,520.8,01-03-2019
C326,Cincinnati,Male,Electronic accessories,10,864.57,3/29/2019
B329,Lexington,Male,Health and beauty,8,633.108,1/28/2019
A336,Richmond,Female,Food and beverages,5,296.94,3/22/2019
B330,Lexington,Female,Sports and travel,10,804.3,1/24/2019
A337,Richmond,Male,Electronic accessories,2,121.863,03-10-2019
B331,Lexington,Male,Fashion accessories,10,183.645,2/22/2019
C327,Cincinnati,Female,Electronic accessories,1,63.9975,2/18/2019
C328,Cincinnati,Male,Health and beauty,1,42.3675,1/29/2019
B332,Lexington,Female,Home and lifestyle,10,1022.49,03-02-2019
A338,Richmond,Male,Food and beverages,1,33.432,02-09-2019
A339,Richmond,Male,Home and lifestyle,1,69.111,2/22/2019
A340,Richmond,Female,Fashion accessories,7,649.299,2/18/2019
